{
    "resolution": [
        1280,
        720
    ],
    "music_on": true,
    "volume_music": 0.10000000000000014,
    "volume_sfx": 0.10000000000000014
}